name, password, username
82.477.1747.2907.4882,57.747.1837.5007.7857.10327.14427.22007.29257.37507,319.1231.3265.5215.7777.12283
697.1967.5017.9367.15757.22207.31087.37447.49417.57807,623.2205.4354.7203.10892.14959.18480,62.1855.3835.7927.12602.20467.24262.34679.47032.61937.74180
175.829.1744,231.1103.2323.3895,122.627.1087.1907.2957
